{"cameraMode":{"drawMode":0,"name":"Shaded","section":"Shading Mode"},"sceneLighting":true,"audioPlay":false,"sceneViewState":{"m_AlwaysRefresh":false,"showFog":true,"showSkybox":true,"showFlares":true,"showImageEffects":true,"showParticleSystems":true,"showVisualEffectGraphs":true,"m_FxEnabled":true},"in2DMode":false,"pivot":{"x":1.0040092468261719,"y":-21.693584442138673,"z":10.557364463806153},"rotation":{"x":-0.5356539487838745,"y":-0.30202555656433108,"z":0.21306058764457704,"w":-0.7592584490776062},"size":25.247791290283204,"orthographic":false}